date,avg_price,max_price,min_price,std_price,negative_hours,peak_avg_price,offpeak_avg_price,avg_renewable_share_pct,avg_spark_spread,price_regime
2024-07-21,109.36,122.1,96.63,18.01,0,,109.36,,39.36,High (100-200)
2024-07-22,88.75,186.24,19.41,39.78,0,81.46,97.36,,18.75,Medium (50-100)
2024-07-23,79.62,120.51,36.01,24.41,0,71.54,89.17,,9.62,Medium (50-100)
2024-07-24,66.61,128.9,-2.06,42.38,3,47.81,88.82,,-3.39,Medium (50-100)
2024-07-25,78.34,155.72,13.27,36.86,0,70.63,87.45,,8.34,Medium (50-100)
2024-07-26,93.04,143.25,60.19,21.13,0,91.19,95.22,,23.04,Medium (50-100)
2024-07-27,80.74,123.1,17.8,32.06,0,,80.74,,10.74,Medium (50-100)
2024-07-28,43.96,115.66,-48.69,52.79,7,,43.96,,-26.04,Low (<50)
2024-07-29,71.54,178.07,-1.7,51.74,5,55.73,90.24,,1.54,Medium (50-100)
2024-07-30,78.59,177.13,-0.06,48.68,2,65.46,94.11,,8.59,Medium (50-100)
2024-07-31,79.52,136.15,11.36,35.18,0,66.54,94.85,,9.52,Medium (50-100)
2024-08-01,94.63,138.07,60.38,21.98,0,89.66,100.5,,24.63,Medium (50-100)
2024-08-02,94.59,146.19,50.58,24.07,0,89.62,100.47,,24.59,Medium (50-100)
2024-08-03,75.7,136.64,4.1,41.31,0,,75.7,,5.7,Medium (50-100)
2024-08-04,61.13,124.99,-2.16,45.85,3,,61.13,,-8.87,Medium (50-100)
2024-08-05,100.28,250.01,36.35,45.78,0,98.79,102.05,,30.28,High (100-200)
2024-08-06,85.98,230.85,2.95,56.18,0,78.7,94.58,,15.98,Medium (50-100)
2024-08-07,93.32,149.28,35.05,28.81,0,88.24,99.33,,23.32,Medium (50-100)
2024-08-08,93.29,197.31,32.18,35.86,0,87.75,99.83,,23.29,Medium (50-100)
2024-08-09,52.88,124.97,-0.8,42.99,5,37.72,70.81,,-17.12,Medium (50-100)
2024-08-10,51.25,133.0,-40.77,59.03,7,,51.25,,-18.75,Medium (50-100)
2024-08-11,54.25,137.18,-59.96,64.98,7,,54.25,,-15.75,Medium (50-100)
2024-08-12,91.56,224.84,6.98,57.88,0,80.13,105.06,,21.56,Medium (50-100)
2024-08-13,99.36,205.35,40.37,41.85,0,98.35,100.55,,29.36,Medium (50-100)
2024-08-14,109.74,218.92,72.85,33.01,0,109.68,109.81,,39.74,High (100-200)
2024-08-15,84.52,160.3,-0.04,48.45,1,68.17,103.84,,14.52,Medium (50-100)
2024-08-16,108.9,243.12,47.57,50.67,0,110.82,106.62,,38.9,High (100-200)
2024-08-17,93.58,149.18,39.43,32.21,0,,93.58,,23.58,Medium (50-100)
2024-08-18,86.69,115.68,17.72,25.12,0,,86.69,,16.69,Medium (50-100)
2024-08-19,108.02,203.83,78.87,35.26,0,111.81,103.54,,38.02,High (100-200)
2024-08-20,91.54,158.81,18.22,37.12,0,84.1,100.33,,21.54,Medium (50-100)
2024-08-21,51.9,140.35,-21.28,49.95,6,35.22,71.62,,-18.1,Medium (50-100)
2024-08-22,60.78,129.46,-4.35,45.51,5,42.31,82.62,,-9.22,Medium (50-100)
2024-08-23,43.98,123.15,-16.55,49.75,8,34.33,55.38,,-26.02,Low (<50)
2024-08-24,40.9,105.4,-44.18,52.77,9,,40.9,,-29.1,Low (<50)
2024-08-25,29.28,119.45,-20.01,51.17,15,,29.28,,-40.72,Low (<50)
2024-08-26,100.0,231.06,17.55,47.43,0,98.25,102.07,,30.0,Medium (50-100)
2024-08-27,90.63,232.25,1.18,57.26,0,82.16,100.63,,20.63,Medium (50-100)
2024-08-28,96.16,204.03,8.17,45.72,0,91.53,101.63,,26.16,Medium (50-100)
2024-08-29,113.86,289.27,45.25,52.73,0,119.1,107.66,,43.86,High (100-200)
2024-08-30,106.76,156.11,79.08,22.06,0,102.06,112.31,,36.76,High (100-200)
2024-08-31,77.66,148.29,-0.8,44.96,2,,77.66,,7.66,Medium (50-100)
2024-09-01,61.91,131.6,-24.0,47.2,5,,61.91,,-8.09,Medium (50-100)
2024-09-02,115.35,255.4,81.19,40.75,0,122.28,107.16,,45.35,High (100-200)
2024-09-03,159.08,656.37,82.69,142.17,0,197.63,113.52,,89.08,High (100-200)
2024-09-04,125.28,320.07,89.2,50.45,0,130.58,119.02,,55.28,High (100-200)
2024-09-05,61.5,119.04,-19.68,44.13,5,38.74,88.41,,-8.5,Medium (50-100)
2024-09-06,79.19,136.49,12.48,34.89,0,72.9,86.63,,9.19,Medium (50-100)
2024-09-07,78.62,150.4,0.44,43.5,0,,78.62,,8.62,Medium (50-100)
2024-09-08,68.66,128.12,0.01,43.68,0,,68.66,,-1.34,Medium (50-100)
2024-09-09,97.85,159.57,59.79,23.25,0,96.65,99.27,,27.85,Medium (50-100)
2024-09-10,57.07,129.9,-0.16,40.26,3,38.95,78.48,,-12.93,Medium (50-100)
2024-09-11,84.87,142.86,32.99,29.34,0,92.41,75.96,,14.87,Medium (50-100)
2024-09-12,113.06,300.01,78.23,54.0,0,123.72,100.46,,43.06,High (100-200)
2024-09-13,87.24,132.24,50.01,19.57,0,85.5,89.29,,17.24,Medium (50-100)
2024-09-14,55.61,126.58,-0.46,38.33,3,,55.61,,-14.39,Medium (50-100)
2024-09-15,63.5,133.16,-0.41,43.55,3,,63.5,,-6.5,Medium (50-100)
2024-09-16,96.92,146.06,75.37,18.85,0,93.73,100.69,,26.92,Medium (50-100)
2024-09-17,88.82,137.52,25.64,27.92,0,81.63,97.32,,18.82,Medium (50-100)
2024-09-18,77.47,141.92,-0.09,41.37,1,61.81,95.98,,7.47,Medium (50-100)
2024-09-19,77.57,143.24,-0.09,40.44,2,64.07,93.51,,7.57,Medium (50-100)
2024-09-20,74.49,145.72,-0.01,41.18,1,59.22,92.54,,4.49,Medium (50-100)
2024-09-21,70.62,141.99,-3.95,43.96,2,,70.62,,0.62,Medium (50-100)
2024-09-22,75.64,157.18,-0.08,44.13,1,,75.64,,5.64,Medium (50-100)
2024-09-23,121.19,328.39,76.55,61.44,0,130.1,110.66,,51.19,High (100-200)
2024-09-24,88.56,141.96,42.18,24.61,0,88.07,89.15,,18.56,Medium (50-100)
2024-09-25,76.44,195.42,18.78,41.64,0,85.35,65.91,,6.44,Medium (50-100)
2024-09-26,49.8,89.0,-0.06,27.01,1,50.27,49.24,,-20.2,Low (<50)
2024-09-27,14.96,62.55,-6.32,22.84,10,19.9,9.12,,-55.04,Low (<50)
2024-09-28,33.29,100.08,0.0,35.73,0,,33.29,,-36.71,Low (<50)
2024-09-29,55.19,167.32,-0.5,48.37,3,,55.19,,-14.81,Medium (50-100)
2024-09-30,32.19,93.55,0.07,29.16,0,32.68,31.61,,-37.81,Low (<50)
2024-10-01,74.63,136.51,0.02,40.38,0,89.14,57.47,,4.63,Medium (50-100)
2024-10-02,94.48,135.7,65.86,19.31,0,97.73,90.65,,24.48,Medium (50-100)
2024-10-03,73.21,115.32,33.98,20.94,0,75.62,70.36,,3.21,Medium (50-100)
2024-10-04,97.43,149.02,72.0,23.3,0,99.23,95.32,,27.43,Medium (50-100)
2024-10-05,83.99,148.65,38.88,26.86,0,,83.99,,13.99,Medium (50-100)
2024-10-06,52.35,106.3,-0.01,30.5,2,,52.35,,-17.65,Medium (50-100)
2024-10-07,86.62,237.65,30.15,52.46,0,103.49,66.68,,16.61,Medium (50-100)
2024-10-08,90.59,168.2,59.67,28.75,0,103.56,75.26,,20.59,Medium (50-100)
2024-10-09,82.49,127.12,46.89,24.51,0,89.27,74.48,,12.49,Medium (50-100)
2024-10-10,61.61,119.32,15.94,28.7,0,63.2,59.73,,-8.39,Medium (50-100)
2024-10-11,95.88,174.24,57.17,34.19,0,96.57,95.07,,25.88,Medium (50-100)
2024-10-12,49.31,80.86,-0.01,25.48,1,,49.31,,-20.69,Low (<50)
2024-10-13,11.12,54.05,-15.69,21.29,15,,11.12,,-58.88,Low (<50)
2024-10-14,109.98,269.74,34.36,58.13,0,130.21,86.07,,39.98,High (100-200)
2024-10-15,89.1,185.39,12.8,39.65,0,87.05,91.52,,19.1,Medium (50-100)
2024-10-16,34.79,88.38,2.04,29.26,0,40.63,27.88,,-35.21,Low (<50)
2024-10-17,77.06,186.21,5.61,44.68,0,93.15,58.04,,7.06,Medium (50-100)
2024-10-18,102.61,181.28,78.84,28.56,0,104.92,99.88,,32.61,High (100-200)
2024-10-19,83.03,135.82,54.9,19.14,0,,83.03,,13.03,Medium (50-100)
2024-10-20,30.9,75.32,-2.01,29.35,4,,30.9,,-39.1,Low (<50)
2024-10-21,90.59,222.11,-0.14,53.76,3,115.47,61.19,,20.59,Medium (50-100)
2024-10-22,102.3,170.12,70.88,27.57,0,101.56,103.19,,32.3,High (100-200)
2024-10-23,112.42,218.18,78.97,38.57,0,114.89,109.5,,42.42,High (100-200)
2024-10-24,101.28,171.27,79.15,24.96,0,101.32,101.23,,31.28,High (100-200)
2024-10-25,115.23,227.32,78.18,35.49,0,122.01,107.22,,45.23,High (100-200)
2024-10-26,99.69,150.9,63.3,21.95,0,,99.69,,29.69,Medium (50-100)
2024-10-27,90.74,148.3,39.99,30.88,0,,90.74,,20.74,Medium (50-100)
2024-10-28,111.59,148.8,84.09,18.41,0,118.74,103.13,,41.59,High (100-200)
2024-10-29,141.15,285.8,98.17,51.05,0,163.01,115.32,,71.15,High (100-200)
2024-10-30,124.88,193.88,98.05,27.38,0,135.26,112.6,,54.88,High (100-200)
2024-10-31,104.05,135.53,63.34,19.9,0,108.34,98.98,,34.05,High (100-200)
2024-11-01,76.41,119.87,29.49,28.51,0,81.16,70.8,,6.41,Medium (50-100)
2024-11-02,106.99,158.56,86.0,20.46,0,,106.99,,36.99,High (100-200)
2024-11-03,93.05,127.91,52.63,19.37,0,,93.05,,23.05,Medium (50-100)
2024-11-04,126.27,290.21,89.86,49.65,0,142.69,106.87,,56.27,High (100-200)
2024-11-05,164.98,505.31,91.2,119.11,0,210.03,111.73,,94.98,High (100-200)
2024-11-06,231.22,820.11,95.47,210.34,0,307.88,140.62,,161.22,Extreme (>200)
2024-11-07,159.21,408.26,99.57,74.33,0,186.05,127.49,,89.21,High (100-200)
2024-11-08,113.62,132.91,97.45,12.16,0,118.92,107.35,,43.62,High (100-200)
2024-11-09,114.47,147.8,96.68,15.13,0,,114.47,,44.47,High (100-200)
2024-11-10,114.36,148.72,100.32,14.46,0,,114.36,,44.36,High (100-200)
2024-11-11,121.79,153.18,97.5,15.97,0,131.83,109.94,,51.79,High (100-200)
2024-11-12,166.41,317.89,102.69,56.04,0,197.24,129.96,,96.41,High (100-200)
2024-11-13,149.45,227.43,101.7,38.16,0,168.23,127.25,,79.45,High (100-200)
2024-11-14,122.38,155.91,91.41,19.74,0,136.42,105.79,,52.38,High (100-200)
2024-11-15,123.82,157.77,98.1,17.05,0,130.91,115.43,,53.82,High (100-200)
2024-11-16,93.45,118.93,65.67,14.09,0,,93.45,,23.45,Medium (50-100)
2024-11-17,62.87,102.84,34.81,13.54,0,,62.87,,-7.13,Medium (50-100)
2024-11-18,106.33,161.82,42.39,31.6,0,121.61,88.26,,36.33,High (100-200)
2024-11-19,123.7,157.57,89.84,22.83,0,137.54,107.35,,53.7,High (100-200)
2024-11-20,114.77,142.87,81.52,21.41,0,124.56,103.21,,44.77,High (100-200)
2024-11-21,124.24,182.26,84.15,27.43,0,141.2,104.19,,54.24,High (100-200)
2024-11-22,109.8,144.08,77.0,19.64,0,116.33,102.08,,39.8,High (100-200)
2024-11-23,72.73,104.55,1.01,24.23,0,,72.73,,2.73,Medium (50-100)
2024-11-24,3.87,16.18,-1.25,5.32,6,,3.87,,-66.13,Low (<50)
2024-11-25,58.8,128.0,-1.86,42.0,5,80.1,33.62,,-11.2,Medium (50-100)
2024-11-26,113.38,160.91,70.55,26.38,0,125.36,99.23,,43.38,High (100-200)
2024-11-27,117.67,184.84,48.78,35.65,0,123.65,110.61,,47.67,High (100-200)
2024-11-28,98.62,158.23,31.69,38.85,0,120.85,72.35,,28.62,Medium (50-100)
2024-11-29,129.77,181.35,98.83,22.87,0,136.07,122.33,,59.77,High (100-200)
2024-11-30,104.28,136.94,85.2,18.12,0,,104.28,,34.28,High (100-200)
2024-12-01,93.56,121.53,74.77,13.01,0,,93.56,,23.56,Medium (50-100)
2024-12-02,110.65,147.9,46.44,30.89,0,130.4,87.3,,40.65,High (100-200)
2024-12-03,144.5,210.0,93.22,33.43,0,165.71,119.43,,74.5,High (100-200)
2024-12-04,182.21,287.76,110.19,58.92,0,216.33,141.89,,112.21,High (100-200)
2024-12-05,101.86,143.54,10.64,29.26,0,105.78,97.23,,31.86,High (100-200)
2024-12-06,89.54,151.07,2.31,48.42,0,119.13,54.58,,19.54,Medium (50-100)
2024-12-07,71.81,96.45,39.46,15.47,0,,71.81,,1.81,Medium (50-100)
2024-12-08,98.13,121.38,71.36,14.28,0,,98.13,,28.13,Medium (50-100)
2024-12-09,100.49,129.81,34.4,31.32,0,121.13,76.09,,30.49,High (100-200)
2024-12-10,150.89,202.38,83.7,42.39,0,184.1,111.64,,80.89,High (100-200)
2024-12-11,266.81,445.08,106.17,127.18,0,354.74,162.89,,196.81,Extreme (>200)
2024-12-12,395.66,936.28,107.35,260.61,0,544.66,219.58,,325.67,Extreme (>200)
2024-12-13,177.92,284.21,114.95,53.9,0,208.15,142.19,,107.92,High (100-200)
2024-12-14,99.42,124.98,73.58,13.67,0,,99.42,,29.42,Medium (50-100)
2024-12-15,43.79,70.65,0.09,21.86,0,,43.79,,-26.21,Low (<50)
2024-12-16,50.23,85.22,-0.01,33.03,1,74.33,21.75,,-19.77,Medium (50-100)
2024-12-17,87.62,127.33,20.94,34.06,0,109.87,61.33,,17.62,Medium (50-100)
2024-12-18,52.56,77.58,11.28,15.55,0,60.48,43.2,,-17.44,Medium (50-100)
2024-12-19,53.55,92.58,0.31,30.12,0,73.89,29.51,,-16.45,Medium (50-100)
2024-12-20,75.54,109.89,16.31,31.97,0,95.53,51.92,,5.54,Medium (50-100)
2024-12-21,20.98,31.43,0.0,9.75,0,,20.98,,-49.02,Low (<50)
2024-12-22,24.15,65.47,-2.06,21.57,7,,24.15,,-45.85,Low (<50)
2024-12-23,61.47,108.29,9.12,33.42,0,76.11,44.16,,-8.53,Medium (50-100)
2024-12-24,102.71,120.95,78.0,15.77,0,113.96,89.41,,32.71,High (100-200)
2024-12-25,99.08,120.53,75.99,14.52,0,106.9,89.83,,29.08,Medium (50-100)
2024-12-26,113.08,138.05,89.64,14.79,0,120.83,103.93,,43.08,High (100-200)
2024-12-27,122.52,158.4,99.58,17.14,0,130.27,113.37,,52.52,High (100-200)
2024-12-28,122.68,152.0,102.93,13.88,0,,122.68,,52.68,High (100-200)
2024-12-29,102.96,126.11,71.63,14.12,0,,102.96,,32.96,High (100-200)
2024-12-30,77.27,109.97,35.66,15.83,0,86.58,66.27,,7.27,Medium (50-100)
2024-12-31,60.09,83.67,0.52,27.45,0,71.51,46.59,,-9.91,Medium (50-100)
2025-01-01,0.97,10.05,-1.01,2.48,14,0.18,1.91,,-69.03,Low (<50)
2025-01-02,96.95,152.94,1.56,49.15,0,129.93,57.98,,26.95,Medium (50-100)
2025-01-03,89.56,116.66,69.94,14.75,0,93.38,85.04,,19.56,Medium (50-100)
2025-01-04,121.77,151.24,90.2,17.78,0,,121.77,,51.77,High (100-200)
2025-01-05,68.64,100.33,27.52,23.2,0,,68.64,,-1.36,Medium (50-100)
2025-01-06,24.81,41.37,9.2,9.01,0,28.84,20.05,,-45.19,Low (<50)
2025-01-07,60.46,101.11,5.01,30.58,0,77.93,39.81,,-9.54,Medium (50-100)
2025-01-08,105.79,155.46,57.01,28.63,0,121.52,87.21,,35.79,High (100-200)
2025-01-09,120.84,164.88,84.79,21.95,0,129.53,110.57,,50.84,High (100-200)
2025-01-10,113.34,144.12,69.05,24.01,0,126.55,97.72,,43.34,High (100-200)
2025-01-11,100.93,122.34,83.58,10.31,0,,100.93,,30.93,High (100-200)
2025-01-12,111.27,146.66,83.75,20.13,0,,111.27,,41.27,High (100-200)
2025-01-13,128.95,223.09,100.0,30.88,0,131.17,126.32,,58.95,High (100-200)
2025-01-14,126.9,184.03,97.99,25.15,0,132.32,120.49,,56.9,High (100-200)
2025-01-15,222.93,377.99,107.72,95.58,0,290.59,142.98,,152.93,Extreme (>200)
2025-01-16,147.79,199.65,115.03,26.84,0,159.0,134.55,,77.79,High (100-200)
2025-01-17,146.59,208.13,114.72,26.01,0,155.04,136.59,,76.59,High (100-200)
2025-01-18,134.33,167.85,115.01,16.89,0,,134.33,,64.33,High (100-200)
2025-01-19,128.41,159.04,107.51,13.48,0,,128.41,,58.41,High (100-200)
2025-01-20,231.58,583.4,114.41,127.18,0,282.79,171.05,,161.58,Extreme (>200)
2025-01-21,168.48,301.15,113.54,49.8,0,190.99,141.87,,98.48,High (100-200)
2025-01-22,160.85,238.6,113.7,36.21,0,175.37,143.7,,90.85,High (100-200)
2025-01-23,102.07,159.03,58.23,24.73,0,102.52,101.55,,32.07,High (100-200)
2025-01-24,78.48,116.23,40.6,18.26,0,82.18,74.12,,8.48,Medium (50-100)
2025-01-25,102.12,151.0,63.55,29.43,0,,102.12,,32.12,High (100-200)
2025-01-26,97.87,132.77,23.89,27.85,0,,97.87,,27.87,Medium (50-100)
2025-01-27,61.71,118.67,10.1,32.26,0,75.56,45.33,,-8.29,Medium (50-100)
2025-01-28,106.82,149.6,57.33,29.22,0,123.69,86.89,,36.82,High (100-200)
2025-01-29,108.33,150.09,75.64,25.8,0,116.61,98.55,,38.33,High (100-200)
2025-01-30,132.68,180.36,92.43,26.52,0,145.01,118.11,,62.68,High (100-200)
2025-01-31,141.72,185.26,113.12,23.45,0,150.33,131.55,,71.72,High (100-200)
2025-02-01,135.29,168.27,103.4,18.34,0,,135.29,,65.29,High (100-200)
2025-02-02,136.97,173.95,111.88,17.97,0,,136.97,,66.97,High (100-200)
2025-02-03,154.63,243.23,115.29,36.15,0,158.92,149.56,,84.63,High (100-200)
2025-02-04,141.62,211.99,113.17,26.59,0,142.49,140.6,,71.62,High (100-200)
2025-02-05,142.62,189.9,108.18,26.34,0,150.88,132.85,,72.62,High (100-200)
2025-02-06,149.77,219.42,121.95,23.47,0,155.09,143.49,,79.77,High (100-200)
2025-02-07,119.31,164.21,81.34,20.52,0,125.28,112.26,,49.31,High (100-200)
2025-02-08,111.04,161.1,67.71,31.65,0,,111.04,,41.04,High (100-200)
2025-02-09,127.74,161.93,95.53,17.68,0,,127.74,,57.74,High (100-200)
2025-02-10,120.12,181.36,77.45,25.92,0,122.71,117.06,,50.12,High (100-200)
2025-02-11,122.17,168.19,71.1,32.56,0,135.25,106.7,,52.17,High (100-200)
2025-02-12,154.79,197.13,126.59,21.44,0,165.12,142.59,,84.79,High (100-200)
2025-02-13,172.08,222.36,136.59,28.07,0,186.83,154.65,,102.08,High (100-200)
2025-02-14,178.98,298.91,127.65,50.93,0,196.42,158.37,,108.98,High (100-200)
2025-02-15,133.61,174.7,110.01,17.63,0,,133.61,,63.61,High (100-200)
2025-02-16,132.4,169.98,118.77,13.93,0,,132.4,,62.4,High (100-200)
2025-02-17,153.62,271.0,106.78,42.84,0,160.76,145.18,,83.62,High (100-200)
2025-02-18,131.27,193.8,88.53,28.93,0,129.12,133.81,,61.27,High (100-200)
2025-02-19,110.06,166.37,81.52,23.23,0,109.95,110.19,,40.06,High (100-200)
2025-02-20,94.5,127.98,75.51,13.93,0,98.05,90.32,,24.5,Medium (50-100)
2025-02-21,89.78,152.5,50.99,23.66,0,89.38,90.25,,19.78,Medium (50-100)
2025-02-22,71.99,115.18,40.4,25.33,0,,71.99,,1.99,Medium (50-100)
2025-02-23,90.2,154.69,64.75,23.77,0,,90.2,,20.2,Medium (50-100)
2025-02-24,91.87,148.71,37.1,26.8,0,103.16,78.54,,21.87,Medium (50-100)
2025-02-25,141.11,233.05,89.91,36.35,0,157.94,121.21,,71.11,High (100-200)
2025-02-26,134.8,175.19,101.48,21.48,0,142.0,126.29,,64.8,High (100-200)
2025-02-27,126.62,174.71,99.6,23.09,0,134.32,117.5,,56.62,High (100-200)
2025-02-28,129.3,161.82,106.93,18.38,0,133.02,124.91,,59.3,High (100-200)
2025-03-01,123.47,158.55,97.27,15.86,0,,123.47,,53.47,High (100-200)
2025-03-02,90.45,146.1,2.84,39.27,0,,90.45,,20.45,Medium (50-100)
2025-03-03,106.99,183.95,0.01,50.29,0,94.24,122.06,,36.99,High (100-200)
2025-03-04,106.48,180.92,14.34,42.66,0,96.99,117.68,,36.48,High (100-200)
2025-03-05,78.3,146.23,-4.28,49.44,3,63.72,95.52,,8.3,Medium (50-100)
2025-03-06,90.08,165.36,0.02,48.09,0,79.2,102.94,,20.08,Medium (50-100)
2025-03-07,105.44,216.64,8.08,50.05,0,98.58,113.55,,35.44,High (100-200)
2025-03-08,89.44,174.05,-0.34,50.42,2,,89.44,,19.44,Medium (50-100)
2025-03-09,77.28,136.7,-2.26,48.76,2,,77.28,,7.28,Medium (50-100)
2025-03-10,113.17,174.92,76.02,29.46,0,113.48,112.81,,43.17,High (100-200)
2025-03-11,125.19,205.02,96.44,30.27,0,131.63,117.57,,55.19,High (100-200)
2025-03-12,125.15,199.75,97.38,28.91,0,131.02,118.22,,55.15,High (100-200)
2025-03-13,125.16,173.47,96.71,23.5,0,131.28,117.93,,55.16,High (100-200)
2025-03-14,121.36,155.33,103.83,19.19,0,122.56,119.95,,51.36,High (100-200)
2025-03-15,92.0,132.96,48.0,22.6,0,,92.0,,22.0,Medium (50-100)
2025-03-16,71.54,140.0,0.19,41.62,0,,71.54,,1.54,Medium (50-100)
2025-03-17,99.7,177.33,27.95,40.91,0,96.0,104.06,,29.7,Medium (50-100)
2025-03-18,90.77,170.91,-1.46,52.4,2,76.34,107.84,,20.77,Medium (50-100)
2025-03-19,104.8,248.18,-0.56,65.86,3,93.36,118.32,,34.8,High (100-200)
2025-03-20,108.63,280.07,0.43,69.07,0,102.16,116.27,,38.63,High (100-200)
2025-03-21,69.43,156.0,0.0,50.47,0,46.72,96.28,,-0.57,Medium (50-100)
2025-03-22,14.41,60.03,-15.18,20.66,6,,14.41,,-55.59,Low (<50)
2025-03-23,59.0,142.51,5.01,52.79,0,,59.0,,-11.0,Medium (50-100)
2025-03-24,129.53,211.99,98.94,31.07,0,136.03,121.85,,59.53,High (100-200)
2025-03-25,111.74,166.36,68.45,26.88,0,110.63,113.04,,41.74,High (100-200)
2025-03-26,114.7,169.54,84.5,24.22,0,117.19,111.74,,44.7,High (100-200)
2025-03-27,98.35,170.7,6.67,40.74,0,89.64,108.63,,28.35,Medium (50-100)
2025-03-28,89.33,165.99,-0.03,50.01,2,79.09,101.42,,19.33,Medium (50-100)
2025-03-29,81.71,152.22,2.06,36.95,0,,81.71,,11.71,Medium (50-100)
2025-03-30,14.63,65.57,-26.07,31.15,10,,14.63,,-55.37,Low (<50)
2025-03-31,107.23,183.96,64.41,35.42,0,109.67,104.34,,37.23,High (100-200)
2025-04-01,91.65,179.96,10.89,43.23,0,79.19,106.39,,21.65,Medium (50-100)
2025-04-02,61.57,150.31,-21.02,50.29,5,39.45,87.72,,-8.43,Medium (50-100)
2025-04-03,80.72,163.48,-8.4,57.21,5,63.33,101.28,,10.72,Medium (50-100)
2025-04-04,89.93,180.17,-1.31,56.39,3,65.89,118.35,,19.93,Medium (50-100)
2025-04-05,51.47,105.9,-49.1,54.21,6,,51.47,,-18.53,Medium (50-100)
2025-04-06,39.96,132.9,-114.57,74.75,7,,39.96,,-30.04,Low (<50)
2025-04-07,96.59,175.97,2.19,47.31,0,86.31,108.75,,26.59,Medium (50-100)
2025-04-08,99.51,180.55,16.83,45.31,0,88.78,112.18,,29.51,Medium (50-100)
2025-04-09,90.79,175.56,6.72,42.68,0,72.64,112.24,,20.79,Medium (50-100)
2025-04-10,83.17,170.59,0.08,44.2,0,67.98,101.13,,13.17,Medium (50-100)
2025-04-11,68.22,155.0,-4.99,51.21,4,55.26,83.54,,-1.78,Medium (50-100)
2025-04-12,61.56,150.06,-42.01,54.1,5,,61.56,,-8.44,Medium (50-100)
2025-04-13,41.3,120.65,-25.38,47.24,6,,41.3,,-28.7,Low (<50)
2025-04-14,97.15,180.0,61.64,31.14,0,95.29,99.36,,27.15,Medium (50-100)
2025-04-15,71.04,141.54,0.0,40.35,0,63.78,79.62,,1.04,Medium (50-100)
2025-04-16,89.7,146.52,22.4,33.35,0,82.64,98.04,,19.7,Medium (50-100)
2025-04-17,98.46,130.0,77.65,17.94,0,98.61,98.28,,28.46,Medium (50-100)
2025-04-18,87.77,126.52,62.64,17.32,0,90.74,84.27,,17.77,Medium (50-100)
2025-04-19,70.0,142.71,-7.26,47.16,3,,70.0,,0.0,Medium (50-100)
2025-04-20,65.72,144.95,-52.42,61.9,5,,65.72,,-4.28,Medium (50-100)
2025-04-21,81.11,139.14,8.43,39.24,0,69.26,95.11,,11.11,Medium (50-100)
2025-04-22,113.52,263.2,67.66,43.93,0,117.17,109.21,,43.52,High (100-200)
2025-04-23,108.49,155.97,80.29,22.51,0,107.94,109.14,,38.49,High (100-200)
2025-04-24,96.44,121.61,78.04,14.25,0,95.73,97.28,,26.44,Medium (50-100)
2025-04-25,89.29,123.78,40.99,20.97,0,83.47,96.16,,19.29,Medium (50-100)
2025-04-26,54.83,107.4,-14.85,42.93,6,,54.83,,-15.17,Medium (50-100)
2025-04-27,33.44,124.23,-129.81,74.03,7,,33.44,,-36.56,Low (<50)
2025-04-28,75.7,194.81,-6.18,57.02,5,57.53,97.17,,5.7,Medium (50-100)
2025-04-29,73.52,174.75,-1.9,51.17,4,57.84,92.04,,3.52,Medium (50-100)
2025-04-30,75.14,176.43,-6.21,51.94,4,56.93,96.66,,5.14,Medium (50-100)
2025-05-01,44.04,164.38,-129.99,79.64,7,17.15,75.82,,-25.96,Low (<50)
2025-05-02,63.8,150.4,-4.0,47.18,5,50.57,79.43,,-6.2,Medium (50-100)
2025-05-03,51.5,92.86,-3.04,39.76,5,,51.5,,-18.5,Medium (50-100)
2025-05-04,35.23,112.38,-5.01,42.42,7,,35.23,,-34.77,Low (<50)
2025-05-05,88.37,128.92,49.66,22.45,0,85.74,91.48,,18.37,Medium (50-100)
2025-05-06,91.41,161.18,38.17,30.69,0,88.03,95.42,,21.41,Medium (50-100)
2025-05-07,99.26,147.15,63.92,24.24,0,94.08,105.38,,29.26,Medium (50-100)
2025-05-08,103.65,185.08,63.75,28.16,0,100.31,107.6,,33.65,High (100-200)
2025-05-09,81.5,149.13,-0.74,48.58,3,60.65,106.15,,11.5,Medium (50-100)
2025-05-10,51.67,163.2,-114.53,77.59,7,,51.67,,-18.33,Medium (50-100)
2025-05-11,18.34,124.86,-250.32,113.51,9,,18.34,,-51.66,Low (<50)
2025-05-12,70.08,172.7,-35.0,60.83,6,46.87,97.51,,0.08,Medium (50-100)
2025-05-13,80.41,223.58,-16.0,62.07,5,61.41,102.86,,10.41,Medium (50-100)
2025-05-14,68.56,158.45,-31.82,58.86,6,41.63,100.39,,-1.44,Medium (50-100)
2025-05-15,66.03,130.74,-14.76,52.62,6,39.89,96.92,,-3.97,Medium (50-100)
2025-05-16,73.55,154.91,-3.15,50.96,5,54.1,96.54,,3.55,Medium (50-100)
2025-05-17,60.41,130.21,-11.27,52.82,7,,60.41,,-9.59,Medium (50-100)
2025-05-18,63.14,130.47,-15.0,52.83,6,,63.14,,-6.86,Medium (50-100)
2025-05-19,95.86,229.11,5.0,52.22,0,84.3,109.53,,25.86,Medium (50-100)
2025-05-20,90.7,192.25,0.01,52.24,0,74.21,110.19,,20.7,Medium (50-100)
2025-05-21,70.37,116.54,-2.2,45.08,4,46.26,98.86,,0.37,Medium (50-100)
2025-05-22,61.53,127.25,-15.4,51.29,6,36.48,91.12,,-8.47,Medium (50-100)
2025-05-23,82.55,139.29,0.0,44.57,0,64.92,103.38,,12.55,Medium (50-100)
2025-05-24,51.97,111.0,-1.77,42.54,7,,51.97,,-18.03,Medium (50-100)
2025-05-25,28.74,107.41,-5.05,43.72,7,,28.74,,-41.26,Low (<50)
2025-05-26,72.71,169.87,-1.45,56.07,4,53.53,95.38,,2.71,Medium (50-100)
2025-05-27,61.14,137.6,0.02,40.83,0,55.78,67.47,,-8.86,Medium (50-100)
2025-05-28,86.21,139.91,42.1,25.57,0,86.68,85.66,,16.21,Medium (50-100)
2025-05-29,51.17,92.06,-1.99,37.31,4,31.64,74.26,,-18.83,Medium (50-100)
2025-05-30,53.85,145.89,-3.1,50.38,6,45.97,63.16,,-16.15,Medium (50-100)
2025-05-31,69.29,192.37,-13.17,61.97,7,,69.29,,-0.71,Medium (50-100)
2025-06-01,38.72,106.86,-20.41,44.73,9,,38.72,,-31.28,Low (<50)
2025-06-02,89.72,245.37,11.0,54.74,0,83.08,97.56,,19.72,Medium (50-100)
2025-06-03,68.39,132.9,-4.32,48.96,5,46.68,94.04,,-1.61,Medium (50-100)
2025-06-04,85.12,192.85,9.69,42.01,0,82.69,87.99,,15.12,Medium (50-100)
2025-06-05,78.16,136.4,7.07,36.12,0,66.28,92.2,,8.16,Medium (50-100)
2025-06-06,49.83,129.29,-5.06,45.6,7,37.23,64.72,,-20.17,Low (<50)
2025-06-07,59.95,110.26,-0.87,39.19,4,,59.95,,-10.05,Medium (50-100)
2025-06-08,15.64,76.86,-53.06,41.95,10,,15.64,,-54.36,Low (<50)
2025-06-09,39.8,148.42,-19.33,54.46,8,42.15,37.03,,-30.2,Low (<50)
2025-06-10,53.28,97.94,-4.26,35.46,4,37.95,71.38,,-16.72,Medium (50-100)
2025-06-11,73.11,217.0,-3.4,57.82,5,63.2,84.83,,3.11,Medium (50-100)
2025-06-12,56.99,132.0,-27.9,51.91,6,36.14,81.63,,-13.01,Medium (50-100)
2025-06-13,52.91,111.19,-6.09,39.73,6,39.11,69.22,,-17.09,Medium (50-100)
2025-06-14,45.86,127.27,-38.0,54.76,7,,45.86,,-24.14,Low (<50)
2025-06-15,62.53,135.43,-5.61,49.54,6,,62.53,,-7.47,Medium (50-100)
2025-06-16,81.3,190.0,0.0,54.08,0,66.93,98.28,,11.3,Medium (50-100)
2025-06-17,85.38,241.8,-6.2,69.2,5,71.61,101.65,,15.38,Medium (50-100)
2025-06-18,79.77,175.32,-2.3,54.33,4,58.85,104.5,,9.77,Medium (50-100)
2025-06-19,55.83,141.8,-65.44,70.42,7,27.14,89.75,,-14.17,Medium (50-100)
2025-06-20,87.68,201.29,-1.0,58.77,2,69.23,109.47,,17.68,Medium (50-100)
2025-06-21,71.79,165.3,-29.98,61.4,5,,71.79,,1.79,Medium (50-100)
2025-06-22,38.34,134.33,-99.01,70.42,9,,38.34,,-31.67,Low (<50)
2025-06-23,39.14,97.78,-32.75,48.56,9,10.88,72.55,,-30.86,Low (<50)
2025-06-24,47.33,123.9,-22.75,49.01,8,31.98,65.46,,-22.67,Low (<50)
2025-06-25,83.53,247.02,-0.51,66.67,3,74.8,93.84,,13.53,Medium (50-100)
2025-06-26,88.69,120.91,48.99,19.96,0,78.52,100.71,,18.69,Medium (50-100)
2025-06-27,82.06,134.94,7.87,34.87,0,71.74,94.25,,12.06,Medium (50-100)
2025-06-28,52.52,123.86,-3.09,46.18,6,,52.52,,-17.48,Medium (50-100)
2025-06-29,54.26,118.07,-24.01,50.99,6,,54.26,,-15.74,Medium (50-100)
2025-06-30,103.21,288.97,9.96,63.12,0,105.21,100.84,,33.21,High (100-200)
2025-07-01,139.01,476.19,42.47,110.57,0,166.3,106.76,,69.01,High (100-200)
2025-07-02,101.5,240.07,32.59,46.74,0,104.76,97.64,,31.5,High (100-200)
2025-07-03,88.62,166.67,24.72,35.24,0,81.53,97.0,,18.62,Medium (50-100)
2025-07-04,78.9,150.1,-1.56,49.43,4,57.44,104.25,,8.9,Medium (50-100)
2025-07-05,53.25,122.96,-2.26,48.52,6,,53.25,,-16.75,Medium (50-100)
2025-07-06,75.22,125.04,5.85,39.76,0,,75.22,,5.22,Medium (50-100)
2025-07-07,98.74,152.29,50.67,26.47,0,84.99,115.0,,28.74,Medium (50-100)
2025-07-08,89.48,123.34,53.04,21.79,0,82.83,97.35,,19.48,Medium (50-100)
2025-07-09,92.32,138.24,37.78,26.16,0,86.55,99.15,,22.32,Medium (50-100)
2025-07-10,90.73,134.67,39.51,26.44,0,84.18,98.48,,20.73,Medium (50-100)
2025-07-11,88.4,118.08,32.04,24.98,0,77.89,100.82,,18.4,Medium (50-100)
2025-07-12,72.58,125.02,0.0,46.54,0,,72.58,,2.58,Medium (50-100)
2025-07-13,73.22,127.7,0.0,49.73,0,,73.22,,3.22,Medium (50-100)
2025-07-14,98.1,141.57,55.82,23.81,0,91.14,106.33,,28.1,Medium (50-100)
2025-07-15,90.09,141.99,40.2,26.23,0,82.65,98.89,,20.09,Medium (50-100)
2025-07-16,96.19,129.04,68.06,16.45,0,93.58,99.26,,26.19,Medium (50-100)
2025-07-17,92.77,132.0,49.78,21.16,0,87.96,98.46,,22.77,Medium (50-100)
2025-07-18,101.23,146.55,71.2,20.92,0,97.29,105.88,,31.23,High (100-200)
2025-07-19,68.78,114.47,-0.01,43.37,1,,68.78,,-1.22,Medium (50-100)
2025-07-20,70.92,116.0,-0.01,42.91,1,,70.92,,0.92,Medium (50-100)
2025-07-21,100.78,126.56,81.73,14.88,0,101.39,100.05,,30.78,High (100-200)
2025-07-22,77.84,113.22,0.17,34.55,0,65.28,92.7,,7.84,Medium (50-100)
2025-07-23,79.28,119.74,23.73,27.06,0,71.2,88.84,,9.28,Medium (50-100)
2025-07-24,103.51,154.16,80.43,19.05,0,103.79,103.17,,33.51,High (100-200)
2025-07-25,97.12,121.21,76.31,12.82,0,92.08,103.07,,27.12,Medium (50-100)
2025-07-26,91.02,127.07,49.87,19.99,0,,91.02,,21.02,Medium (50-100)
2025-07-27,78.79,114.71,8.85,30.11,0,,78.79,,8.79,Medium (50-100)
2025-07-28,93.36,121.97,68.33,15.14,0,91.52,95.54,,23.36,Medium (50-100)
2025-07-29,77.54,126.01,1.07,36.67,0,64.76,92.65,,7.54,Medium (50-100)
2025-07-30,75.34,109.07,10.7,30.46,0,63.39,89.45,,5.34,Medium (50-100)
2025-07-31,86.89,128.27,35.06,23.31,0,82.84,91.68,,16.89,Medium (50-100)
2025-08-01,93.23,119.23,49.06,19.61,0,86.63,101.03,,23.23,Medium (50-100)
2025-08-02,65.39,109.49,0.0,40.67,0,,65.39,,-4.61,Medium (50-100)
2025-08-03,41.77,97.87,-10.08,41.09,7,,41.77,,-28.23,Low (<50)
2025-08-04,58.7,102.72,0.02,33.95,0,48.48,70.77,,-11.3,Medium (50-100)
2025-08-05,40.14,107.15,-11.83,42.8,8,24.14,59.05,,-29.86,Low (<50)
2025-08-06,64.43,170.16,-11.79,54.23,7,51.37,79.86,,-5.57,Medium (50-100)
2025-08-07,71.32,141.94,-1.99,47.32,4,51.77,94.43,,1.32,Medium (50-100)
2025-08-08,76.95,151.51,-0.02,47.61,3,60.93,95.88,,6.95,Medium (50-100)
2025-08-09,59.99,127.62,-15.37,50.83,7,,59.99,,-10.01,Medium (50-100)
2025-08-10,47.79,122.45,-61.08,59.27,8,,47.79,,-22.21,Low (<50)
2025-08-11,84.1,191.95,0.0,51.89,0,70.15,100.59,,14.1,Medium (50-100)
2025-08-12,85.08,156.16,3.0,41.05,0,77.29,94.29,,15.08,Medium (50-100)
2025-08-13,100.01,226.64,27.89,43.42,0,102.78,96.75,,30.01,High (100-200)
2025-08-14,105.41,283.89,41.02,53.53,0,111.87,97.79,,35.41,High (100-200)
2025-08-15,73.13,124.01,0.0,42.83,0,55.08,94.47,,3.13,Medium (50-100)
2025-08-16,60.5,102.62,-0.01,40.61,3,,60.5,,-9.5,Medium (50-100)
2025-08-17,64.15,110.66,-1.25,43.01,3,,64.15,,-5.85,Medium (50-100)
2025-08-18,92.23,197.42,14.23,44.41,0,85.49,100.19,,22.23,Medium (50-100)
2025-08-19,82.18,128.62,8.97,33.99,0,69.96,96.63,,12.18,Medium (50-100)
2025-08-20,90.84,135.15,35.0,24.37,0,86.24,96.27,,20.84,Medium (50-100)
2025-08-21,92.04,116.89,56.26,17.1,0,86.53,98.55,,22.04,Medium (50-100)
2025-08-22,74.24,113.0,0.02,36.41,0,59.66,91.48,,4.24,Medium (50-100)
2025-08-23,68.33,123.67,0.06,43.82,0,,68.33,,-1.67,Medium (50-100)
2025-08-24,62.5,117.31,-7.45,47.71,6,,62.5,,-7.5,Medium (50-100)
2025-08-25,90.09,232.82,5.93,51.39,0,81.19,100.6,,20.09,Medium (50-100)
2025-08-26,98.97,196.88,26.28,38.7,0,96.3,102.12,,28.97,Medium (50-100)
2025-08-27,104.72,222.07,50.68,41.74,0,109.13,99.51,,34.72,High (100-200)
2025-08-28,115.03,210.0,83.27,30.03,0,123.46,105.05,,45.03,High (100-200)
2025-08-29,94.57,147.68,53.96,22.41,0,92.05,97.56,,24.57,Medium (50-100)
2025-08-30,69.72,129.98,-0.38,43.76,3,,69.72,,-0.28,Medium (50-100)
2025-08-31,57.53,135.1,-1.0,46.03,5,,57.53,,-12.47,Medium (50-100)
2025-09-01,102.28,250.65,25.03,49.61,0,105.67,98.27,,32.28,High (100-200)
2025-09-02,122.21,311.51,78.54,57.45,0,131.71,110.98,,52.21,High (100-200)
2025-09-03,59.48,112.34,-0.28,43.42,3,45.24,76.31,,-10.52,Medium (50-100)
2025-09-04,93.53,350.0,3.2,76.85,0,104.35,80.74,,23.53,Medium (50-100)
2025-09-05,100.77,154.53,70.17,22.87,0,98.86,103.03,,30.77,High (100-200)
2025-09-06,74.32,158.39,-0.99,47.8,4,,74.32,,4.32,Medium (50-100)
2025-09-07,41.74,108.3,-53.4,54.71,8,,41.74,,-28.26,Low (<50)
2025-09-08,126.13,413.66,60.84,80.22,0,142.69,106.55,,56.13,High (100-200)
2025-09-09,141.92,386.4,85.51,72.94,0,140.5,143.61,,71.92,High (100-200)
2025-09-10,124.24,275.19,85.0,47.29,0,125.81,122.4,,54.24,High (100-200)
2025-09-11,67.72,132.86,-0.72,46.49,3,56.83,80.58,,-2.28,Medium (50-100)
2025-09-12,57.99,155.36,-8.66,53.04,6,51.31,65.88,,-12.01,Medium (50-100)
2025-09-13,61.15,121.9,-0.01,41.62,3,,61.15,,-8.85,Medium (50-100)
2025-09-14,65.92,153.29,-0.01,48.51,1,,65.92,,-4.08,Medium (50-100)
2025-09-15,7.83,54.31,-14.27,20.3,10,5.37,10.74,,-62.17,Low (<50)
2025-09-16,25.12,112.97,-20.05,43.44,12,29.58,19.86,,-44.88,Low (<50)
2025-09-17,73.97,142.58,7.88,37.81,0,72.57,75.62,,3.97,Medium (50-100)
2025-09-18,67.61,134.23,0.0,45.43,0,58.78,78.05,,-2.39,Medium (50-100)
2025-09-19,97.26,409.24,0.0,88.12,0,100.27,93.7,,27.26,Medium (50-100)
2025-09-20,52.32,134.1,-10.86,45.17,5,,52.32,,-17.68,Medium (50-100)
2025-09-21,38.81,120.57,-2.02,49.43,5,,38.81,,-31.19,Low (<50)
2025-09-22,97.82,140.92,70.23,21.82,0,96.88,98.93,,27.82,Medium (50-100)
2025-09-23,102.52,172.36,74.24,28.13,0,96.87,109.19,,32.52,High (100-200)
2025-09-24,78.27,120.45,9.9,33.42,0,68.45,89.88,,8.27,Medium (50-100)
2025-09-25,82.25,124.99,16.03,31.31,0,76.29,89.29,,12.25,Medium (50-100)
2025-09-26,95.58,133.02,73.16,19.05,0,97.72,93.04,,25.58,Medium (50-100)
2025-09-27,93.82,148.61,36.11,24.94,0,,93.82,,23.82,Medium (50-100)
2025-09-28,86.63,137.97,8.53,34.98,0,,86.63,,16.63,Medium (50-100)
2025-09-29,131.39,406.78,77.08,78.49,0,142.43,118.34,,61.39,High (100-200)
2025-09-30,135.26,357.77,86.04,71.08,0,141.07,128.41,,65.26,High (100-200)
2025-10-01,116.61,339.99,66.03,63.02,0,125.42,106.2,,46.61,High (100-200)
2025-10-02,102.04,181.09,60.5,33.32,0,99.61,104.91,,32.04,High (100-200)
2025-10-03,60.0,120.76,-0.01,35.52,1,57.41,63.05,,-10.0,Medium (50-100)
2025-10-04,-0.41,3.23,-2.61,1.16,21,,-0.41,,-70.41,Negative
2025-10-05,3.11,35.05,-4.98,10.24,15,,3.11,,-66.89,Low (<50)
2025-10-06,92.99,168.32,9.1,41.33,0,112.01,70.5,,22.99,Medium (50-100)
2025-10-07,137.44,287.67,88.44,53.5,0,137.45,137.43,,67.44,High (100-200)
2025-10-08,117.91,199.0,86.98,32.36,0,123.56,111.23,,47.91,High (100-200)
2025-10-09,104.21,149.9,83.2,19.49,0,100.65,108.42,,34.21,High (100-200)
2025-10-10,96.78,123.29,75.69,16.26,0,97.81,95.56,,26.78,Medium (50-100)
2025-10-11,90.96,130.17,46.77,21.57,0,,90.96,,20.96,Medium (50-100)
2025-10-12,89.0,116.64,52.16,16.34,0,,89.0,,19.0,Medium (50-100)
2025-10-13,140.24,306.58,89.12,63.0,0,151.61,126.8,,70.24,High (100-200)
2025-10-14,156.77,407.21,98.87,84.81,0,183.78,124.85,,86.77,High (100-200)
2025-10-15,143.5,278.74,85.81,55.26,0,143.21,143.84,,73.5,High (100-200)
2025-10-16,100.11,140.59,81.48,18.54,0,101.51,98.44,,30.11,High (100-200)
2025-10-17,104.74,144.84,86.72,17.6,0,104.84,104.62,,34.74,High (100-200)
2025-10-18,95.55,133.24,67.53,16.51,0,,95.55,,25.55,Medium (50-100)
2025-10-19,73.44,107.69,20.3,20.56,0,,73.44,,3.44,Medium (50-100)
2025-10-20,81.07,131.12,43.83,24.6,0,88.27,72.56,,11.07,Medium (50-100)
2025-10-21,70.73,121.8,22.28,28.0,0,75.35,65.26,,0.72,Medium (50-100)
2025-10-22,126.1,296.48,85.41,57.64,0,148.06,100.15,,56.1,High (100-200)
2025-10-23,74.94,114.93,9.84,23.71,0,82.56,65.94,,4.94,Medium (50-100)
2025-10-24,31.52,84.87,-0.01,30.53,2,36.51,25.62,,-38.48,Low (<50)
2025-10-25,11.41,61.27,-0.01,16.59,1,,11.41,,-58.59,Low (<50)
2025-10-26,6.46,42.02,-0.73,12.22,8,,6.46,,-63.54,Low (<50)
2025-10-27,70.18,126.54,0.0,39.52,0,95.92,39.76,,0.18,Medium (50-100)
2025-10-28,67.29,110.23,10.22,28.3,0,82.69,49.08,,-2.71,Medium (50-100)
2025-10-29,88.4,128.74,54.04,23.8,0,98.14,76.9,,18.4,Medium (50-100)
2025-10-30,69.93,117.93,0.0,34.37,0,66.13,74.42,,-0.07,Medium (50-100)
2025-10-31,91.87,132.05,54.71,20.94,0,96.29,86.64,,21.87,Medium (50-100)
2025-11-01,48.03,89.06,11.63,29.08,0,,48.03,,-21.97,Low (<50)
2025-11-02,86.67,132.07,60.33,20.93,0,,86.67,,16.67,Medium (50-100)
2025-11-03,75.55,117.26,16.53,21.43,0,78.42,72.16,,5.55,Medium (50-100)
2025-11-04,76.09,129.1,4.93,37.97,0,90.99,58.47,,6.09,Medium (50-100)
2025-11-05,94.1,147.42,62.01,23.82,0,98.87,88.46,,24.1,Medium (50-100)
2025-11-06,106.08,154.26,83.7,21.46,0,110.97,100.3,,36.08,High (100-200)
2025-11-07,111.07,178.54,88.8,25.44,0,119.38,101.25,,41.07,High (100-200)
2025-11-08,106.46,136.53,93.97,14.05,0,,106.46,,36.46,High (100-200)
2025-11-09,98.7,126.1,88.62,10.71,0,,98.7,,28.7,Medium (50-100)
2025-11-10,109.65,157.88,83.19,22.58,0,116.79,101.21,,39.65,High (100-200)
2025-11-11,96.55,143.26,74.87,20.03,0,106.58,84.69,,26.55,Medium (50-100)
2025-11-12,78.57,115.4,32.92,20.52,0,85.28,70.65,,8.57,Medium (50-100)
2025-11-13,72.58,131.8,6.0,41.41,0,89.72,52.32,,2.58,Medium (50-100)
2025-11-14,105.86,138.35,77.38,16.19,0,110.31,100.6,,35.86,High (100-200)
2025-11-15,91.39,121.8,68.16,16.18,0,,91.39,,21.39,Medium (50-100)
2025-11-16,101.21,129.37,85.67,12.77,0,,101.21,,31.21,High (100-200)
2025-11-17,94.57,126.99,71.32,16.88,0,99.92,88.26,,24.57,Medium (50-100)
2025-11-18,102.07,151.66,77.72,21.69,0,111.97,90.37,,32.07,High (100-200)
2025-11-19,102.67,136.67,83.19,15.72,0,107.28,97.22,,32.67,High (100-200)
2025-11-20,126.44,175.83,86.8,29.44,0,145.21,104.26,,56.44,High (100-200)
2025-11-21,146.51,251.87,90.19,49.36,0,171.13,117.42,,76.51,High (100-200)
2025-11-22,90.39,114.46,75.37,10.71,0,,90.39,,20.39,Medium (50-100)
2025-11-23,71.05,83.8,60.89,6.54,0,,71.05,,1.05,Medium (50-100)
2025-11-24,133.55,263.48,70.06,54.33,0,169.53,91.02,,63.55,High (100-200)
2025-11-25,220.18,373.31,92.85,104.57,0,286.5,141.8,,150.18,Extreme (>200)
2025-11-26,161.4,294.61,88.33,65.15,0,198.34,117.74,,91.4,High (100-200)
2025-11-27,89.97,123.1,60.84,14.72,0,90.99,88.76,,19.97,Medium (50-100)
2025-11-28,85.92,104.67,47.88,17.93,0,97.74,71.95,,15.92,Medium (50-100)
2025-11-29,89.95,107.09,75.97,8.9,0,,89.95,,19.95,Medium (50-100)
2025-11-30,84.65,106.21,65.36,11.84,0,,84.65,,14.65,Medium (50-100)
2025-12-01,92.51,139.33,65.78,17.87,0,94.52,90.12,,22.51,Medium (50-100)
2025-12-02,101.41,163.2,50.47,35.38,0,122.17,76.88,,31.41,High (100-200)
2025-12-03,165.08,308.35,89.07,62.8,0,199.06,124.92,,95.08,High (100-200)
2025-12-04,124.79,163.98,90.36,24.2,0,140.76,105.93,,54.79,High (100-200)
2025-12-05,132.72,184.43,82.08,36.07,0,152.68,109.12,,62.72,High (100-200)
2025-12-06,79.0,95.59,64.59,9.25,0,,79.0,,9.0,Medium (50-100)
2025-12-07,78.39,111.82,19.27,22.86,0,,78.39,,8.39,Medium (50-100)
2025-12-08,72.9,109.85,5.59,32.82,0,92.73,49.47,,2.9,Medium (50-100)
2025-12-09,90.33,129.75,43.9,19.73,0,98.9,80.21,,20.33,Medium (50-100)
2025-12-10,79.76,105.67,31.0,21.64,0,92.31,64.93,,9.76,Medium (50-100)
2025-12-11,94.87,115.41,72.52,13.37,0,102.19,86.21,,24.87,Medium (50-100)
2025-12-12,113.8,146.83,86.22,18.65,0,126.36,98.95,,43.8,High (100-200)
2025-12-13,95.88,119.71,79.14,11.54,0,,95.88,,25.88,Medium (50-100)
2025-12-14,85.43,103.29,72.5,8.31,0,,85.43,,15.43,Medium (50-100)
2025-12-15,87.74,108.66,70.67,11.43,0,92.89,81.66,,17.74,Medium (50-100)
2025-12-16,107.09,162.2,77.1,25.64,0,121.85,89.65,,37.09,High (100-200)
2025-12-17,105.93,133.46,77.76,17.73,0,116.05,93.97,,35.93,High (100-200)
2025-12-18,71.39,114.49,9.84,26.33,0,86.45,53.59,,1.39,Medium (50-100)
2025-12-19,73.19,107.48,3.51,37.74,0,96.17,46.04,,3.19,Medium (50-100)
2025-12-20,103.51,122.39,83.4,13.07,0,,103.51,,33.51,High (100-200)
2025-12-21,90.51,107.01,70.23,10.02,0,,90.51,,20.51,Medium (50-100)
2025-12-22,85.64,107.89,66.31,11.46,0,93.06,76.87,,15.64,Medium (50-100)
2025-12-23,74.23,85.47,58.11,9.74,0,80.96,66.29,,4.23,Medium (50-100)
2025-12-24,69.51,89.13,55.84,10.4,0,75.77,62.11,,-0.49,Medium (50-100)
2025-12-25,71.16,97.1,47.87,19.52,0,75.19,66.4,,1.16,Medium (50-100)
2025-12-26,97.52,120.47,82.31,13.25,0,102.61,91.5,,27.52,Medium (50-100)
2025-12-27,90.93,108.43,74.54,10.33,0,,90.93,,20.93,Medium (50-100)
2025-12-28,93.0,114.46,78.82,11.39,0,,93.0,,23.0,Medium (50-100)
2025-12-29,93.85,113.88,77.86,10.31,0,97.12,89.98,,23.85,Medium (50-100)
2025-12-30,88.19,110.71,68.54,13.35,0,94.82,80.34,,18.19,Medium (50-100)
2025-12-31,86.07,110.1,58.28,11.14,0,91.79,79.32,,16.07,Medium (50-100)
2026-01-01,7.73,42.4,-0.01,10.6,2,7.37,8.15,,-62.27,Low (<50)
2026-01-02,57.63,89.15,0.25,32.11,0,75.01,37.09,,-12.37,Medium (50-100)
2026-01-03,89.03,110.83,73.02,10.75,0,,89.03,,19.03,Medium (50-100)
2026-01-04,94.59,121.18,82.56,11.83,0,,94.59,,24.59,Medium (50-100)
2026-01-05,134.92,223.43,86.31,37.77,0,159.13,106.31,,64.92,High (100-200)
2026-01-06,126.98,168.82,92.82,23.2,0,139.91,111.7,,56.98,High (100-200)
2026-01-07,98.98,125.19,80.78,12.75,0,106.66,89.92,,28.98,Medium (50-100)
2026-01-08,153.91,264.59,78.96,70.05,0,202.14,96.9,,83.91,High (100-200)
2026-01-09,78.44,93.93,47.85,13.19,0,86.54,68.87,,8.44,Medium (50-100)
2026-01-10,98.56,139.53,66.24,23.43,0,,98.56,,28.56,Medium (50-100)
2026-01-11,95.13,116.25,81.26,10.22,0,,95.13,,25.13,Medium (50-100)
2026-01-12,108.51,132.76,76.59,19.32,0,117.96,87.24,33.03,38.51,High (100-200)
2026-01-13,105.76,142.2,82.67,18.62,0,116.28,93.33,33.38,35.76,High (100-200)
2026-01-14,118.77,200.02,84.3,30.36,0,136.6,97.7,32.4,48.77,High (100-200)
2026-01-15,100.65,145.5,81.05,16.13,0,109.2,90.55,36.19,30.65,High (100-200)
2026-01-16,110.71,170.33,67.23,29.45,0,128.13,90.13,33.31,40.71,High (100-200)
2026-01-17,112.51,142.85,95.19,14.4,0,,112.51,28.84,42.51,High (100-200)
2026-01-18,108.97,142.2,96.86,12.1,0,,108.97,32.38,38.97,High (100-200)
2026-01-19,140.57,208.23,100.13,33.68,0,157.85,120.16,31.01,70.57,High (100-200)
2026-01-20,155.61,276.74,101.49,54.51,0,164.71,144.85,27.93,85.61,High (100-200)
2026-01-21,116.64,176.4,92.8,22.3,0,119.93,112.74,31.92,46.64,High (100-200)
2026-01-22,105.49,137.12,83.86,16.18,0,108.32,102.15,33.87,35.49,High (100-200)
2026-01-23,110.37,152.94,95.0,16.78,0,113.26,106.96,34.92,40.37,High (100-200)
2026-01-24,112.02,146.72,97.55,13.98,0,,112.03,32.49,42.02,High (100-200)
2026-01-25,112.03,137.38,99.97,10.73,0,,112.03,30.79,42.03,High (100-200)
2026-01-26,141.93,178.7,95.03,30.4,0,163.37,116.59,27.67,71.93,High (100-200)
2026-01-27,130.05,176.64,105.48,19.53,0,134.89,124.34,28.25,60.05,High (100-200)
2026-01-28,136.79,173.65,102.24,26.03,0,153.82,116.66,30.99,66.79,High (100-200)
2026-01-29,132.67,168.04,100.02,23.93,0,147.54,115.11,30.01,62.68,High (100-200)
2026-01-30,113.1,147.04,92.7,14.9,0,118.61,106.59,32.41,43.1,High (100-200)
2026-01-31,109.35,138.04,92.9,13.57,0,,109.35,34.61,39.35,High (100-200)
2026-02-01,108.73,137.39,94.01,12.28,0,,108.73,34.1,38.73,High (100-200)
2026-02-02,107.42,140.16,91.0,13.52,0,112.06,101.93,36.31,37.42,High (100-200)
2026-02-03,98.61,126.35,76.84,13.49,0,105.28,90.74,38.36,28.61,Medium (50-100)
2026-02-04,102.76,131.61,86.31,12.66,0,105.0,100.11,33.4,32.76,High (100-200)
2026-02-05,110.92,140.5,87.43,15.43,0,120.81,99.23,30.23,40.92,High (100-200)
2026-02-06,121.97,144.74,98.09,17.61,0,132.4,109.65,26.03,51.97,High (100-200)
2026-02-07,107.54,135.33,96.4,11.6,0,,107.54,27.37,37.54,High (100-200)
2026-02-08,103.83,131.27,94.86,10.65,0,,103.83,29.65,33.83,High (100-200)
2026-02-09,139.61,227.21,95.45,33.1,0,157.9,117.99,25.96,69.61,High (100-200)
2026-02-10,116.52,143.83,96.78,13.28,0,121.31,110.86,29.24,46.52,High (100-200)
2026-02-11,112.18,137.07,88.19,14.05,0,119.18,103.91,31.22,42.18,High (100-200)
2026-02-12,104.36,125.66,83.86,13.66,0,112.41,94.86,34.78,34.36,High (100-200)
2026-02-13,107.39,136.02,81.86,16.9,0,116.23,96.94,30.08,37.39,High (100-200)
2026-02-14,103.74,131.93,87.51,13.52,0,,103.74,24.97,33.74,High (100-200)
2026-02-15,82.87,100.76,58.04,14.19,0,,82.87,33.78,12.87,Medium (50-100)
2026-02-16,95.6,130.36,64.41,19.62,0,108.31,80.58,34.15,25.6,Medium (50-100)
2026-02-17,97.94,126.98,82.29,13.72,0,100.84,94.51,30.06,27.94,Medium (50-100)
2026-02-18,113.66,186.09,83.78,25.86,0,115.46,111.53,27.46,43.66,High (100-200)
2026-02-19,93.04,113.52,77.66,9.37,0,99.17,85.79,35.35,23.04,Medium (50-100)
2026-02-20,85.6,116.14,46.81,16.63,0,86.52,84.51,37.04,15.6,Medium (50-100)
2026-02-21,62.69,108.31,35.86,20.9,0,,62.69,43.77,-7.31,Medium (50-100)
2026-02-22,53.39,79.44,34.88,12.77,0,,53.39,45.05,-16.61,Medium (50-100)
2026-02-23,69.6,110.9,2.9,29.92,0,68.97,70.35,43.42,-0.4,Medium (50-100)
2026-02-24,115.2,184.05,83.96,27.86,0,126.67,101.66,25.5,45.2,High (100-200)
2026-02-25,93.0,130.73,60.2,18.34,0,91.01,95.35,31.94,23.0,Medium (50-100)
2026-02-26,76.0,113.1,14.05,25.83,0,73.55,78.9,40.38,6.0,Medium (50-100)
2026-02-27,65.96,118.1,-0.01,34.89,8,60.77,72.1,40.82,-4.04,Medium (50-100)
2026-02-28,52.01,95.19,-0.25,32.3,20,,52.01,43.07,-17.99,Medium (50-100)
2026-03-01,53.66,110.2,-0.79,34.52,16,,53.66,41.44,-16.34,Medium (50-100)
2026-03-02,93.86,188.0,29.07,37.74,0,96.13,91.18,36.33,23.86,Medium (50-100)
2026-03-03,108.19,204.26,32.37,40.66,0,103.92,113.24,30.99,38.19,High (100-200)
2026-03-04,146.88,310.86,32.98,67.17,0,141.01,153.81,29.72,76.88,High (100-200)
2026-03-05,110.34,192.02,2.12,51.47,0,96.84,126.29,35.64,40.34,High (100-200)
2026-03-06,125.09,229.55,48.65,42.14,0,120.92,130.03,30.21,55.09,High (100-200)
2026-03-07,110.2,180.87,1.42,47.82,0,,110.2,28.79,40.2,High (100-200)
2026-03-08,102.22,160.26,-0.01,47.94,4,,102.22,32.28,32.22,High (100-200)
2026-03-09,136.81,243.97,67.29,45.13,0,136.04,137.72,28.79,66.81,High (100-200)
2026-03-10,137.65,218.23,83.96,34.49,0,140.15,134.68,30.07,67.65,High (100-200)
2026-03-11,79.92,156.72,9.91,41.46,0,80.54,79.19,41.13,9.92,Medium (50-100)
2026-03-12,65.13,137.14,-2.49,45.87,12,49.61,83.48,42.62,-4.87,Medium (50-100)
2026-03-13,52.88,165.75,-9.0,64.7,20,66.89,36.32,42.09,-17.12,Medium (50-100)
2026-03-14,121.74,169.84,101.86,19.14,0,,121.74,28.6,51.74,High (100-200)
2026-03-15,96.0,149.12,34.17,33.67,0,,96.0,32.29,26.0,Medium (50-100)
2026-03-16,76.81,179.89,12.04,52.46,0,87.53,64.15,38.72,6.81,Medium (50-100)
2026-03-17,125.16,207.3,89.8,29.33,0,129.42,120.13,32.57,55.16,High (100-200)
2026-03-18,89.72,177.62,-2.71,54.69,12,76.49,105.35,37.8,19.72,Medium (50-100)
2026-03-19,115.22,214.38,0.0,57.18,0,99.6,133.69,31.92,45.22,High (100-200)
2026-03-20,142.98,212.31,65.61,41.1,0,133.33,154.38,29.28,72.98,High (100-200)
2026-03-21,112.59,171.62,23.49,39.72,0,,112.59,31.0,42.59,High (100-200)
2026-03-22,84.52,174.19,-11.76,63.57,20,,84.52,35.78,14.52,Medium (50-100)
2026-03-23,142.33,263.01,48.08,53.04,0,137.61,147.91,27.07,72.33,High (100-200)
2026-03-24,71.01,137.99,-0.02,47.93,8,58.12,86.24,41.23,1.01,Medium (50-100)
2026-03-25,41.76,161.93,-0.03,56.19,28,53.2,28.25,43.7,-28.24,Low (<50)
2026-03-26,92.31,167.22,0.63,49.27,0,76.06,111.51,39.97,22.31,Medium (50-100)
2026-03-27,117.51,176.39,59.6,32.93,0,107.28,129.61,35.43,47.51,High (100-200)
2026-03-28,81.81,154.07,6.7,44.59,0,,81.81,37.94,11.81,Medium (50-100)
2026-03-29,61.72,115.03,-2.1,44.78,12,,61.72,40.19,-8.28,Medium (50-100)
2026-03-30,66.79,126.17,3.82,45.64,0,68.26,65.06,41.61,-3.21,Medium (50-100)
2026-03-31,120.46,176.01,53.49,37.78,0,112.87,129.43,34.59,50.46,High (100-200)
2026-04-01,143.01,226.95,86.33,34.89,0,133.32,154.47,27.5,73.01,High (100-200)
2026-04-02,114.43,161.84,42.46,34.59,0,102.52,128.51,32.78,44.43,High (100-200)
2026-04-03,74.77,135.86,1.65,46.08,0,55.47,97.57,41.77,4.77,Medium (50-100)
2026-04-04,32.34,149.87,-0.25,46.51,20,,32.34,45.49,-37.66,Low (<50)
2026-04-05,-16.17,33.35,-105.18,39.85,68,,-16.17,46.62,-86.17,Negative
2026-04-06,11.47,116.01,-125.64,74.65,40,-2.92,28.49,43.55,-58.53,Low (<50)
2026-04-07,89.96,194.03,-11.29,64.88,20,67.14,116.93,37.94,19.96,Medium (50-100)
2026-04-08,86.83,170.01,-32.78,64.22,20,60.39,118.07,38.39,16.83,Medium (50-100)
2026-04-09,79.77,146.6,-8.14,50.04,16,56.81,106.9,40.62,9.77,Medium (50-100)
2026-04-10,123.46,245.12,78.55,42.42,0,136.01,108.63,35.05,53.46,High (100-200)
2026-04-11,42.17,114.38,-79.97,60.39,32,,42.17,42.82,-27.83,Low (<50)
2026-04-12,78.68,146.8,1.97,36.64,0,,78.68,41.98,8.68,Medium (50-100)
2026-04-13,127.44,173.88,97.39,21.88,0,126.63,128.4,,57.44,High (100-200)
2026-04-14,138.44,234.28,104.7,33.87,0,144.4,131.38,,68.44,High (100-200)
2026-04-15,116.26,180.8,50.23,34.54,0,111.13,122.33,,46.26,High (100-200)
2026-04-16,111.92,187.32,45.77,35.45,0,106.43,118.41,,41.92,High (100-200)
2026-04-17,104.23,157.41,26.45,38.53,0,91.13,119.7,,34.23,High (100-200)
2026-04-18,84.56,144.89,-4.08,49.56,3,,84.56,,14.56,Medium (50-100)
2026-04-19,80.02,124.11,-3.01,44.67,3,,80.02,,10.02,Medium (50-100)
2026-04-20,97.3,142.21,29.57,30.95,0,84.84,112.03,,27.3,Medium (50-100)
2026-04-21,83.14,144.78,-3.7,50.24,4,60.57,109.8,,13.14,Medium (50-100)
2026-04-22,78.11,153.91,-20.99,58.39,6,51.05,110.08,,8.11,Medium (50-100)
2026-04-23,64.41,136.95,-49.56,61.92,7,33.81,100.58,,-5.59,Medium (50-100)
2026-04-24,75.84,137.99,-30.0,59.22,6,47.55,109.28,,5.84,Medium (50-100)
2026-04-25,8.68,95.16,-190.86,90.0,9,,8.68,,-61.32,Low (<50)
