run_id,interval_datetime_utc,market_resolution,actual_price_eur_mwh,forecast_price_eur_mwh,charge_power_mw,discharge_power_mw,net_power_mw,soc_pct,hourly_cashflow_eur,cumulative_profit_eur
87406aa8-03ee-45ed-a06c-9feae7f0ed77,2026-09-15T02:00:00Z,1h,183.55,178.51,0.296,0.0,-0.296,63.8,-54.34,-54.34
87406aa8-03ee-45ed-a06c-9feae7f0ed77,2026-09-15T03:00:00Z,1h,196.76,189.14,0.0,0.0,0.0,63.8,-0.01,-54.34
87406aa8-03ee-45ed-a06c-9feae7f0ed77,2026-09-15T04:00:00Z,1h,237.42,212.35,0.0,0.0,0.0,63.8,-0.01,-54.35
87406aa8-03ee-45ed-a06c-9feae7f0ed77,2026-09-15T05:00:00Z,1h,262.08,227.43,0.0,1.0,1.0,10.0,262.07,207.72
87406aa8-03ee-45ed-a06c-9feae7f0ed77,2026-09-15T06:00:00Z,1h,233.11,216.0,0.0,0.0,0.0,10.0,-0.01,207.71
87406aa8-03ee-45ed-a06c-9feae7f0ed77,2026-09-15T07:00:00Z,1h,196.4,193.39,0.0,0.0,0.0,10.0,-0.01,207.7
87406aa8-03ee-45ed-a06c-9feae7f0ed77,2026-09-15T08:00:00Z,1h,145.96,140.66,0.0,-0.0,-0.0,10.0,-0.01,207.69
87406aa8-03ee-45ed-a06c-9feae7f0ed77,2026-09-15T09:00:00Z,1h,78.87,110.37,0.0,-0.0,-0.0,10.0,-0.01,207.69
87406aa8-03ee-45ed-a06c-9feae7f0ed77,2026-09-15T10:00:00Z,1h,44.47,66.81,0.0,0.0,0.0,10.0,-0.01,207.68
87406aa8-03ee-45ed-a06c-9feae7f0ed77,2026-09-15T11:00:00Z,1h,29.5,28.2,1.0,0.0,-1.0,56.5,-29.51,178.17
87406aa8-03ee-45ed-a06c-9feae7f0ed77,2026-09-15T12:00:00Z,1h,46.2,48.68,0.72,0.0,-0.72,90.0,-33.29,144.88
87406aa8-03ee-45ed-a06c-9feae7f0ed77,2026-09-15T13:00:00Z,1h,103.69,74.81,0.0,-0.0,-0.0,90.0,-0.01,144.87
87406aa8-03ee-45ed-a06c-9feae7f0ed77,2026-09-15T14:00:00Z,1h,156.02,138.67,0.0,-0.0,-0.0,90.0,-0.01,144.86
87406aa8-03ee-45ed-a06c-9feae7f0ed77,2026-09-15T15:00:00Z,1h,213.47,180.65,0.0,-0.0,-0.0,90.0,-0.01,144.85
87406aa8-03ee-45ed-a06c-9feae7f0ed77,2026-09-15T16:00:00Z,1h,251.51,233.37,0.0,0.0,0.0,90.0,-0.01,144.84
87406aa8-03ee-45ed-a06c-9feae7f0ed77,2026-09-15T17:00:00Z,1h,303.37,287.24,0.0,1.0,1.0,36.2,303.36,448.21
87406aa8-03ee-45ed-a06c-9feae7f0ed77,2026-09-15T18:00:00Z,1h,253.9,240.72,0.0,0.488,0.488,10.0,123.9,572.1
87406aa8-03ee-45ed-a06c-9feae7f0ed77,2026-09-15T19:00:00Z,1h,222.32,227.89,0.0,0.0,0.0,10.0,-0.01,572.09
87406aa8-03ee-45ed-a06c-9feae7f0ed77,2026-09-15T20:00:00Z,1h,199.46,203.58,0.0,0.0,0.0,10.0,-0.01,572.08
87406aa8-03ee-45ed-a06c-9feae7f0ed77,2026-09-15T21:00:00Z,1h,182.71,179.49,0.0,0.0,0.0,10.0,-0.01,572.08
87406aa8-03ee-45ed-a06c-9feae7f0ed77,2026-09-15T22:00:00Z,1h,176.55,176.72,0.0,0.0,0.0,10.0,-0.01,572.07
87406aa8-03ee-45ed-a06c-9feae7f0ed77,2026-09-15T23:00:00Z,1h,171.22,171.94,0.0,0.0,0.0,10.0,-0.01,572.06
87406aa8-03ee-45ed-a06c-9feae7f0ed77,2026-09-16T00:00:00Z,1h,168.7,169.53,0.72,0.0,-0.72,43.5,-121.54,450.52
87406aa8-03ee-45ed-a06c-9feae7f0ed77,2026-09-16T01:00:00Z,1h,168.64,168.96,1.0,0.0,-1.0,90.0,-168.65,281.87
87406aa8-03ee-45ed-a06c-9feae7f0ed77,2026-09-16T02:00:00Z,1h,169.67,173.33,0.0,0.0,0.0,90.0,-0.01,281.86
87406aa8-03ee-45ed-a06c-9feae7f0ed77,2026-09-16T03:00:00Z,1h,190.12,179.39,-0.0,0.0,0.0,90.0,-0.01,281.85
87406aa8-03ee-45ed-a06c-9feae7f0ed77,2026-09-16T04:00:00Z,1h,223.77,217.23,0.0,0.0,0.0,90.0,-0.01,281.84
87406aa8-03ee-45ed-a06c-9feae7f0ed77,2026-09-16T05:00:00Z,1h,238.07,235.31,0.0,1.0,1.0,36.2,238.06,519.9
87406aa8-03ee-45ed-a06c-9feae7f0ed77,2026-09-16T06:00:00Z,1h,224.99,234.32,0.0,0.488,0.488,10.0,109.79,629.69
87406aa8-03ee-45ed-a06c-9feae7f0ed77,2026-09-16T07:00:00Z,1h,191.6,213.29,0.0,0.0,0.0,10.0,-0.01,629.68
87406aa8-03ee-45ed-a06c-9feae7f0ed77,2026-09-16T08:00:00Z,1h,172.91,173.81,0.0,-0.0,-0.0,10.0,-0.01,629.68
87406aa8-03ee-45ed-a06c-9feae7f0ed77,2026-09-16T09:00:00Z,1h,142.2,165.97,0.0,0.0,0.0,10.0,-0.01,629.67
87406aa8-03ee-45ed-a06c-9feae7f0ed77,2026-09-16T10:00:00Z,1h,113.52,133.37,0.0,0.0,0.0,10.0,-0.01,629.66
87406aa8-03ee-45ed-a06c-9feae7f0ed77,2026-09-16T11:00:00Z,1h,97.51,123.22,0.72,0.0,-0.72,43.5,-70.26,559.4
87406aa8-03ee-45ed-a06c-9feae7f0ed77,2026-09-16T12:00:00Z,1h,102.44,111.65,1.0,0.0,-1.0,90.0,-102.45,456.95
87406aa8-03ee-45ed-a06c-9feae7f0ed77,2026-09-16T13:00:00Z,1h,122.04,124.45,0.0,0.0,0.0,90.0,-0.01,456.95
87406aa8-03ee-45ed-a06c-9feae7f0ed77,2026-09-16T14:00:00Z,1h,158.53,161.75,0.0,-0.0,-0.0,90.0,-0.01,456.94
87406aa8-03ee-45ed-a06c-9feae7f0ed77,2026-09-16T15:00:00Z,1h,204.89,193.1,0.0,-0.0,-0.0,90.0,-0.01,456.93
87406aa8-03ee-45ed-a06c-9feae7f0ed77,2026-09-16T16:00:00Z,1h,231.08,231.77,0.0,0.0,0.0,90.0,-0.01,456.92
87406aa8-03ee-45ed-a06c-9feae7f0ed77,2026-09-16T17:00:00Z,1h,254.43,244.81,0.0,1.0,1.0,36.2,254.42,711.34
87406aa8-03ee-45ed-a06c-9feae7f0ed77,2026-09-16T18:00:00Z,1h,246.91,239.63,0.0,0.488,0.488,10.0,120.48,831.83
87406aa8-03ee-45ed-a06c-9feae7f0ed77,2026-09-16T19:00:00Z,1h,220.27,218.59,0.0,0.0,0.0,10.0,-0.01,831.82
87406aa8-03ee-45ed-a06c-9feae7f0ed77,2026-09-16T20:00:00Z,1h,200.79,202.02,0.0,0.0,0.0,10.0,-0.01,831.81
87406aa8-03ee-45ed-a06c-9feae7f0ed77,2026-09-16T21:00:00Z,1h,185.2,182.34,0.0,0.0,0.0,10.0,-0.01,831.8
87406aa8-03ee-45ed-a06c-9feae7f0ed77,2026-09-16T22:00:00Z,1h,183.52,175.57,0.0,0.0,0.0,10.0,-0.01,831.79
87406aa8-03ee-45ed-a06c-9feae7f0ed77,2026-09-16T23:00:00Z,1h,169.08,175.17,0.0,0.0,0.0,10.0,-0.01,831.79
87406aa8-03ee-45ed-a06c-9feae7f0ed77,2026-09-17T00:00:00Z,1h,165.49,166.48,0.156,0.0,-0.156,17.3,-25.86,805.93
87406aa8-03ee-45ed-a06c-9feae7f0ed77,2026-09-17T01:00:00Z,1h,165.56,166.78,0.0,0.0,0.0,17.3,-0.01,805.92
87406aa8-03ee-45ed-a06c-9feae7f0ed77,2026-09-17T02:00:00Z,1h,165.64,165.31,1.0,0.0,-1.0,63.8,-165.65,640.27
87406aa8-03ee-45ed-a06c-9feae7f0ed77,2026-09-17T03:00:00Z,1h,165.01,174.95,0.0,0.0,0.0,63.8,-0.01,640.26
87406aa8-03ee-45ed-a06c-9feae7f0ed77,2026-09-17T04:00:00Z,1h,199.1,198.49,0.0,0.0,0.0,63.8,-0.01,640.25
87406aa8-03ee-45ed-a06c-9feae7f0ed77,2026-09-17T05:00:00Z,1h,216.44,203.55,0.0,1.0,1.0,10.0,216.43,856.69
87406aa8-03ee-45ed-a06c-9feae7f0ed77,2026-09-17T06:00:00Z,1h,198.45,192.84,0.0,-0.0,-0.0,10.0,-0.01,856.68
87406aa8-03ee-45ed-a06c-9feae7f0ed77,2026-09-17T07:00:00Z,1h,163.39,162.27,0.0,-0.0,-0.0,10.0,-0.01,856.67
87406aa8-03ee-45ed-a06c-9feae7f0ed77,2026-09-17T08:00:00Z,1h,111.34,123.75,0.0,-0.0,-0.0,10.0,-0.01,856.66
87406aa8-03ee-45ed-a06c-9feae7f0ed77,2026-09-17T09:00:00Z,1h,34.76,92.34,0.0,-0.0,-0.0,10.0,-0.01,856.65
87406aa8-03ee-45ed-a06c-9feae7f0ed77,2026-09-17T10:00:00Z,1h,10.67,50.01,0.0,0.0,0.0,10.0,-0.01,856.64
87406aa8-03ee-45ed-a06c-9feae7f0ed77,2026-09-17T11:00:00Z,1h,1.91,29.49,1.0,0.0,-1.0,56.5,-1.92,854.73
87406aa8-03ee-45ed-a06c-9feae7f0ed77,2026-09-17T12:00:00Z,1h,12.23,34.55,0.72,0.0,-0.72,90.0,-8.82,845.91
87406aa8-03ee-45ed-a06c-9feae7f0ed77,2026-09-17T13:00:00Z,1h,31.2,65.57,0.0,-0.0,-0.0,90.0,-0.01,845.9
87406aa8-03ee-45ed-a06c-9feae7f0ed77,2026-09-17T14:00:00Z,1h,74.36,86.03,0.0,-0.0,-0.0,90.0,-0.01,845.89
87406aa8-03ee-45ed-a06c-9feae7f0ed77,2026-09-17T15:00:00Z,1h,151.48,147.01,0.0,-0.0,-0.0,90.0,-0.01,845.88
87406aa8-03ee-45ed-a06c-9feae7f0ed77,2026-09-17T16:00:00Z,1h,198.49,182.13,0.0,0.0,0.0,90.0,-0.01,845.87
87406aa8-03ee-45ed-a06c-9feae7f0ed77,2026-09-17T17:00:00Z,1h,216.97,204.28,0.0,1.0,1.0,36.2,216.96,1062.84
87406aa8-03ee-45ed-a06c-9feae7f0ed77,2026-09-17T18:00:00Z,1h,215.72,203.23,0.0,0.488,0.488,10.0,105.26,1168.1
87406aa8-03ee-45ed-a06c-9feae7f0ed77,2026-09-17T19:00:00Z,1h,205.73,198.22,0.0,0.0,0.0,10.0,-0.01,1168.09
87406aa8-03ee-45ed-a06c-9feae7f0ed77,2026-09-17T20:00:00Z,1h,193.38,191.16,0.0,0.0,0.0,10.0,-0.01,1168.08
87406aa8-03ee-45ed-a06c-9feae7f0ed77,2026-09-17T21:00:00Z,1h,179.37,173.6,0.0,0.0,0.0,10.0,-0.01,1168.08
87406aa8-03ee-45ed-a06c-9feae7f0ed77,2026-09-17T22:00:00Z,1h,139.24,163.96,0.0,0.0,0.0,10.0,-0.01,1168.07
87406aa8-03ee-45ed-a06c-9feae7f0ed77,2026-09-17T23:00:00Z,1h,130.44,146.78,-0.0,0.0,0.0,10.0,-0.01,1168.06
87406aa8-03ee-45ed-a06c-9feae7f0ed77,2026-09-18T00:00:00Z,1h,129.51,144.0,0.72,0.0,-0.72,43.5,-93.31,1074.75
87406aa8-03ee-45ed-a06c-9feae7f0ed77,2026-09-18T01:00:00Z,1h,130.18,142.38,1.0,0.0,-1.0,90.0,-130.19,944.56
87406aa8-03ee-45ed-a06c-9feae7f0ed77,2026-09-18T02:00:00Z,1h,131.11,144.43,0.0,0.0,0.0,90.0,-0.01,944.55
87406aa8-03ee-45ed-a06c-9feae7f0ed77,2026-09-18T03:00:00Z,1h,146.64,149.85,0.0,0.0,0.0,90.0,-0.01,944.54
87406aa8-03ee-45ed-a06c-9feae7f0ed77,2026-09-18T04:00:00Z,1h,186.01,173.98,0.0,0.0,0.0,90.0,-0.01,944.53
87406aa8-03ee-45ed-a06c-9feae7f0ed77,2026-09-18T05:00:00Z,1h,211.36,199.0,0.0,1.0,1.0,36.2,211.35,1155.89
87406aa8-03ee-45ed-a06c-9feae7f0ed77,2026-09-18T06:00:00Z,1h,205.0,193.8,0.0,0.488,0.488,10.0,100.03,1255.92
87406aa8-03ee-45ed-a06c-9feae7f0ed77,2026-09-18T07:00:00Z,1h,162.61,173.65,0.0,0.0,0.0,10.0,-0.01,1255.91
87406aa8-03ee-45ed-a06c-9feae7f0ed77,2026-09-18T08:00:00Z,1h,95.97,128.57,-0.0,0.0,0.0,10.0,-0.01,1255.9
87406aa8-03ee-45ed-a06c-9feae7f0ed77,2026-09-18T09:00:00Z,1h,42.4,81.52,0.0,-0.0,-0.0,10.0,-0.01,1255.89
87406aa8-03ee-45ed-a06c-9feae7f0ed77,2026-09-18T10:00:00Z,1h,6.26,50.83,-0.0,0.0,0.0,10.0,-0.01,1255.89
87406aa8-03ee-45ed-a06c-9feae7f0ed77,2026-09-18T11:00:00Z,1h,0.14,43.27,1.0,0.0,-1.0,56.5,-0.15,1255.74
87406aa8-03ee-45ed-a06c-9feae7f0ed77,2026-09-18T12:00:00Z,1h,0.0,43.43,0.72,0.0,-0.72,90.0,-0.01,1255.73
87406aa8-03ee-45ed-a06c-9feae7f0ed77,2026-09-18T13:00:00Z,1h,3.03,61.67,0.0,-0.0,-0.0,90.0,-0.01,1255.72
87406aa8-03ee-45ed-a06c-9feae7f0ed77,2026-09-18T14:00:00Z,1h,30.76,83.04,0.0,-0.0,-0.0,90.0,-0.01,1255.71
87406aa8-03ee-45ed-a06c-9feae7f0ed77,2026-09-18T15:00:00Z,1h,97.91,132.93,0.0,-0.0,-0.0,90.0,-0.01,1255.7
87406aa8-03ee-45ed-a06c-9feae7f0ed77,2026-09-18T16:00:00Z,1h,180.1,178.0,0.0,-0.0,-0.0,90.0,-0.01,1255.7
87406aa8-03ee-45ed-a06c-9feae7f0ed77,2026-09-18T17:00:00Z,1h,192.72,210.56,0.0,1.0,1.0,36.2,192.71,1448.41
87406aa8-03ee-45ed-a06c-9feae7f0ed77,2026-09-18T18:00:00Z,1h,194.99,197.61,0.0,0.488,0.488,10.0,95.15,1543.56
87406aa8-03ee-45ed-a06c-9feae7f0ed77,2026-09-18T19:00:00Z,1h,178.43,183.91,0.0,-0.0,-0.0,10.0,-0.01,1543.55
87406aa8-03ee-45ed-a06c-9feae7f0ed77,2026-09-18T20:00:00Z,1h,163.18,170.84,0.0,-0.0,-0.0,10.0,-0.01,1543.54
87406aa8-03ee-45ed-a06c-9feae7f0ed77,2026-09-18T21:00:00Z,1h,134.65,155.94,0.0,-0.0,-0.0,10.0,-0.01,1543.53
87406aa8-03ee-45ed-a06c-9feae7f0ed77,2026-09-18T22:00:00Z,1h,103.39,132.63,0.0,-0.0,-0.0,10.0,-0.01,1543.52
87406aa8-03ee-45ed-a06c-9feae7f0ed77,2026-09-18T23:00:00Z,1h,79.53,120.11,0.0,-0.0,-0.0,10.0,-0.01,1543.51
87406aa8-03ee-45ed-a06c-9feae7f0ed77,2026-09-19T00:00:00Z,1h,59.23,107.39,0.0,-0.0,-0.0,10.0,-0.01,1543.51
87406aa8-03ee-45ed-a06c-9feae7f0ed77,2026-09-19T01:00:00Z,1h,31.89,97.07,0.0,-0.0,-0.0,10.0,-0.01,1543.5
87406aa8-03ee-45ed-a06c-9feae7f0ed77,2026-09-19T02:00:00Z,1h,35.79,94.44,0.0,-0.0,-0.0,10.0,-0.01,1543.49
87406aa8-03ee-45ed-a06c-9feae7f0ed77,2026-09-19T03:00:00Z,1h,35.79,71.12,0.0,-0.0,-0.0,10.0,-0.01,1543.48
87406aa8-03ee-45ed-a06c-9feae7f0ed77,2026-09-19T04:00:00Z,1h,42.74,50.55,0.0,0.0,0.0,10.0,-0.01,1543.47
87406aa8-03ee-45ed-a06c-9feae7f0ed77,2026-09-19T05:00:00Z,1h,42.14,48.46,0.0,0.0,0.0,10.0,-0.01,1543.47
87406aa8-03ee-45ed-a06c-9feae7f0ed77,2026-09-19T06:00:00Z,1h,31.0,52.68,0.0,-0.0,-0.0,10.0,-0.01,1543.46
87406aa8-03ee-45ed-a06c-9feae7f0ed77,2026-09-19T07:00:00Z,1h,6.55,10.11,0.0,0.0,0.0,10.0,-0.01,1543.45
87406aa8-03ee-45ed-a06c-9feae7f0ed77,2026-09-19T08:00:00Z,1h,0.0,12.52,0.0,-0.0,-0.0,10.0,-0.01,1543.44
87406aa8-03ee-45ed-a06c-9feae7f0ed77,2026-09-19T09:00:00Z,1h,-0.31,-3.43,0.0,0.0,0.0,10.0,-0.01,1543.43
87406aa8-03ee-45ed-a06c-9feae7f0ed77,2026-09-19T10:00:00Z,1h,-0.75,-4.42,0.0,0.0,0.0,10.0,-0.01,1543.42
87406aa8-03ee-45ed-a06c-9feae7f0ed77,2026-09-19T11:00:00Z,1h,-1.26,-5.66,0.72,0.0,-0.72,43.5,0.9,1544.32
87406aa8-03ee-45ed-a06c-9feae7f0ed77,2026-09-19T12:00:00Z,1h,-1.3,-4.42,0.0,0.0,0.0,43.5,-0.01,1544.32
87406aa8-03ee-45ed-a06c-9feae7f0ed77,2026-09-19T13:00:00Z,1h,-1.68,-6.6,1.0,0.0,-1.0,90.0,1.67,1545.99
87406aa8-03ee-45ed-a06c-9feae7f0ed77,2026-09-19T14:00:00Z,1h,-0.05,5.25,0.0,-0.0,-0.0,90.0,-0.01,1545.98
87406aa8-03ee-45ed-a06c-9feae7f0ed77,2026-09-19T15:00:00Z,1h,8.3,49.07,0.0,-0.0,-0.0,90.0,-0.01,1545.97
87406aa8-03ee-45ed-a06c-9feae7f0ed77,2026-09-19T16:00:00Z,1h,65.46,114.05,0.0,0.0,0.0,90.0,-0.01,1545.96
87406aa8-03ee-45ed-a06c-9feae7f0ed77,2026-09-19T17:00:00Z,1h,120.78,147.27,0.0,1.0,1.0,36.2,120.77,1666.73
87406aa8-03ee-45ed-a06c-9feae7f0ed77,2026-09-19T18:00:00Z,1h,114.8,130.41,0.0,0.488,0.488,10.0,56.01,1722.75
87406aa8-03ee-45ed-a06c-9feae7f0ed77,2026-09-19T19:00:00Z,1h,89.97,109.68,0.0,0.0,0.0,10.0,-0.01,1722.74
87406aa8-03ee-45ed-a06c-9feae7f0ed77,2026-09-19T20:00:00Z,1h,83.6,90.78,-0.0,0.0,0.0,10.0,-0.01,1722.73
87406aa8-03ee-45ed-a06c-9feae7f0ed77,2026-09-19T21:00:00Z,1h,78.37,79.65,0.0,-0.0,-0.0,10.0,-0.01,1722.72
87406aa8-03ee-45ed-a06c-9feae7f0ed77,2026-09-19T22:00:00Z,1h,15.79,71.53,0.0,0.0,0.0,10.0,-0.01,1722.72
87406aa8-03ee-45ed-a06c-9feae7f0ed77,2026-09-19T23:00:00Z,1h,12.86,58.46,-0.0,0.0,0.0,10.0,-0.01,1722.71
87406aa8-03ee-45ed-a06c-9feae7f0ed77,2026-09-20T00:00:00Z,1h,10.0,60.39,0.0,0.0,0.0,10.0,-0.01,1722.7
87406aa8-03ee-45ed-a06c-9feae7f0ed77,2026-09-20T01:00:00Z,1h,7.81,57.55,-0.0,0.0,0.0,10.0,-0.01,1722.69
87406aa8-03ee-45ed-a06c-9feae7f0ed77,2026-09-20T02:00:00Z,1h,9.0,58.56,0.0,0.0,0.0,10.0,-0.01,1722.68
87406aa8-03ee-45ed-a06c-9feae7f0ed77,2026-09-20T03:00:00Z,1h,10.01,67.37,0.0,0.0,0.0,10.0,-0.01,1722.67
87406aa8-03ee-45ed-a06c-9feae7f0ed77,2026-09-20T04:00:00Z,1h,10.0,67.78,0.0,0.0,0.0,10.0,-0.01,1722.67
87406aa8-03ee-45ed-a06c-9feae7f0ed77,2026-09-20T05:00:00Z,1h,12.27,66.14,0.0,-0.0,-0.0,10.0,-0.01,1722.66
87406aa8-03ee-45ed-a06c-9feae7f0ed77,2026-09-20T06:00:00Z,1h,9.84,55.77,0.0,0.0,0.0,10.0,-0.01,1722.65
87406aa8-03ee-45ed-a06c-9feae7f0ed77,2026-09-20T07:00:00Z,1h,3.66,21.8,0.0,-0.0,-0.0,10.0,-0.01,1722.64
87406aa8-03ee-45ed-a06c-9feae7f0ed77,2026-09-20T08:00:00Z,1h,-0.01,8.51,0.86,0.0,-0.86,50.0,0.0,1722.64
